policy,budget,fresh_fraction,missed_changes,stale_change_hours,fetches
rr,2,0.18452380952380953,2495,19844.742197552794,120
random,2,0.15079365079365079,2563,20354.29948548,120
importance,2,0.003968253968253968,2925,24335.266253291862,120
proposed,2,0.18452380952380953,2495,19844.742197552794,120
oracle,2,0.04563492063492063,1676,10038.139464530681,120
rr,5,0.4523809523809524,2003,12564.171980295107,300
random,5,0.3392857142857143,2170,16581.38666714759,300
importance,5,0.00992063492063492,2844,23674.444984677993,300
proposed,5,0.4523809523809524,2003,12564.171980295107,300
oracle,5,0.0496031746031746,1818,13617.933017015323,300
rr,10,0.7777777777777778,1688,11480.964766903277,600
random,10,0.5476190476190477,1768,14096.763667200994,600
importance,10,0.017857142857142856,2715,22627.201485108482,600
proposed,10,0.75,1459,10857.236804067277,600
oracle,10,0.08333333333333333,1308,12247.75654046285,600
rr,20,0.8095238095238095,356,8338.071920560538,1200
random,20,0.7162698412698413,1132,9117.822562260284,1200
importance,20,0.0496031746031746,2673,22294.743537422964,1200
proposed,20,0.7579365079365079,652,8629.083666661443,1200
oracle,20,0.15674603174603174,423,6010.066942343108,1200
rr,40,0.8253968253968254,316,4959.691025813239,2382
random,40,0.8035714285714286,609,6270.240173570637,2382
importance,40,0.08134920634920635,2085,17795.58889051948,2382
proposed,40,0.8154761904761905,348,4739.702752091154,2382
oracle,40,0.27976190476190477,96,2019.5308438693812,2382
